﻿<?xml version="1.0" encoding="UTF-8" standalone="yes"?>
<addon id="repository.bluraysplays" name="[COLOR white][B]BLURAY[/B][/COLOR] [COLOR gold][B]PLAY'S[/B][/COLOR]" version="0.0.1" provider-name="BLURAY PLAY´S">
	<extension point="xbmc.addon.repository" name="Demonstration Add-on Repository">
		<info compressed="false">http://raw.github.com/rauankeneddy/repository.bluraysplays/master/addons.xml</info>
		<checksum>http://raw.github.com/rauankeneddy/repository.bluraysplays/master/addons.xml.md5</checksum>
		<datadir zip="true">http://raw.github.com/rauankeneddy/repository.bluraysplays/master/repo/</datadir>
	</extension>
	<extension point="xbmc.addon.metadata">
		<summary>BLURAY PLAY´S REPOSITÓRIO</summary>
		<description>Addon Description</description>
		<disclaimer></disclaimer>
		<platform>all</platform>
	</extension>
</addon>