<?xml version="1.0" encoding="UTF-8" standalone="yes"?>
<addon id="script.module.metahandler" 
     name="metahandler" 
     version="3.0.3" 
     provider-name="Eldorado, jsergio">
  <requires>
    <import addon="xbmc.python" version="2.1.0" />
    <import addon="script.module.simplejson" version="3.3.0"/>
    <import addon="script.module.addon.common" version="2.0.0"/>
    <import addon="script.module.myconnpy" version="1.1.6"/>
  </requires>
  <extension point="xbmc.python.module" library="lib" />
  <extension point="xbmc.addon.metadata">
  <news>
Nenhuma, o Palmeiras continua sem MUNDIAL...kkk
        </news>
    <summary lang="en">Downloads Artwork for TV shows, Movies and Music videos for addons and stores them in a local SQLITE database</summary>
    <description lang="en">Esse Add-on pertence a BUILD TONYWARLLEY, se você instalou esse add-on e não possui a BUILD TONYWARLLEY, está correndo sério risco de ter seu dispositivo infectado por VÍRUS, não baixe Add-ons que não sejam Oficial, Add-ons Oficiais somente no CANAL TONY WARLLEY TUTORIAIS.</description>
    <disclaimer lang="en"></disclaimer>
    <language></language>
    <platform>all</platform>
    <license>GNU GENERAL PUBLIC LICENSE. Version 2, June 1991</license>
    <forum></forum>
    <website></website>
    <email></email>
    <source></source>
  </extension>
</addon>
